,algos,envs,hp_name,hp_importance
0,ppo,atari_qbert,normalize_advantage,0.00012678503318034126
1,ppo,atari_qbert,vf_clip_eps,0.00024143253303156916
2,ppo,atari_qbert,minibatch_size,0.0019677974536199466
3,ppo,atari_qbert,gae_lambda,0.0022758399106479013
4,ppo,atari_qbert,clip_eps,0.006316932778190218
5,ppo,atari_qbert,vf_coef,0.017455992998437475
6,ppo,atari_qbert,learning_rate,0.17621091807185874
7,ppo,atari_qbert,max_grad_norm,0.1806770457033181
8,ppo,atari_qbert,ent_coef,0.2146890061598715
9,ppo,atari_double_dunk,minibatch_size,0.00013008125247742963
10,ppo,atari_double_dunk,learning_rate,0.0002158827919592275
11,ppo,atari_double_dunk,clip_eps,0.00022017683843323995
12,ppo,atari_double_dunk,max_grad_norm,0.0005511822566514256
13,ppo,atari_double_dunk,gae_lambda,0.0008305484057059248
14,ppo,atari_double_dunk,vf_coef,0.0015591419271344875
15,ppo,atari_double_dunk,normalize_advantage,0.002242398052579731
16,ppo,atari_double_dunk,vf_clip_eps,0.3047797361814405
17,ppo,atari_double_dunk,ent_coef,0.5031510276386879
18,ppo,atari_this_game,normalize_advantage,0.0009018835374824316
19,ppo,atari_this_game,gae_lambda,0.013428222431265397
20,ppo,atari_this_game,minibatch_size,0.01621583245023825
21,ppo,atari_this_game,vf_clip_eps,0.018876897145843535
22,ppo,atari_this_game,clip_eps,0.023485705072177763
23,ppo,atari_this_game,vf_coef,0.024122587364138148
24,ppo,atari_this_game,ent_coef,0.16458459960953756
25,ppo,atari_this_game,max_grad_norm,0.20838274772597046
26,ppo,atari_this_game,learning_rate,0.21722874438350584
27,ppo,atari_battle_zone,normalize_advantage,0.00030291182021911344
28,ppo,atari_battle_zone,minibatch_size,0.0008627866651892288
29,ppo,atari_battle_zone,gae_lambda,0.0026795636753144344
30,ppo,atari_battle_zone,vf_coef,0.007261707600112225
31,ppo,atari_battle_zone,clip_eps,0.008824513468309442
32,ppo,atari_battle_zone,vf_clip_eps,0.009131880403513848
33,ppo,atari_battle_zone,max_grad_norm,0.030168703177120632
34,ppo,atari_battle_zone,ent_coef,0.07004030993969665
35,ppo,atari_battle_zone,learning_rate,0.49849745794313066
36,ppo,box2d_lunar_lander,gae_lambda,0.0007646310466098768
37,ppo,box2d_lunar_lander,vf_coef,0.0008204657461180446
38,ppo,box2d_lunar_lander,max_grad_norm,0.0008856728375537055
39,ppo,box2d_lunar_lander,vf_clip_eps,0.0013764785068607764
40,ppo,box2d_lunar_lander,minibatch_size,0.0013778063558113449
41,ppo,box2d_lunar_lander,clip_eps,0.005059853367971349
42,ppo,box2d_lunar_lander,normalize_advantage,0.013507355749608565
43,ppo,box2d_lunar_lander,ent_coef,0.05609619018867194
44,ppo,box2d_lunar_lander,learning_rate,0.6947625184633602
45,ppo,box2d_bipedal_walker,clip_eps,0.00036680599055222065
46,ppo,box2d_bipedal_walker,vf_coef,0.0008002192859915991
47,ppo,box2d_bipedal_walker,minibatch_size,0.0030034629727470072
48,ppo,box2d_bipedal_walker,vf_clip_eps,0.00346261022049158
49,ppo,box2d_bipedal_walker,max_grad_norm,0.004901121283236807
50,ppo,box2d_bipedal_walker,gae_lambda,0.00522062952675222
51,ppo,box2d_bipedal_walker,learning_rate,0.04217269843624101
52,ppo,box2d_bipedal_walker,normalize_advantage,0.12188175089676445
53,ppo,box2d_bipedal_walker,ent_coef,0.6713390558241571
54,ppo,cc_acrobot,ent_coef,0.001975753409811233
55,ppo,cc_acrobot,vf_clip_eps,0.005062209301652449
56,ppo,cc_acrobot,vf_coef,0.007181299534598483
57,ppo,cc_acrobot,clip_eps,0.01002600235879843
58,ppo,cc_acrobot,max_grad_norm,0.017218667896729763
59,ppo,cc_acrobot,gae_lambda,0.018051934717573256
60,ppo,cc_acrobot,normalize_advantage,0.028935514687694213
61,ppo,cc_acrobot,minibatch_size,0.10789194344053699
62,ppo,cc_acrobot,learning_rate,0.5800261818089691
63,ppo,cc_cartpole,normalize_advantage,0.00019697035634204545
64,ppo,cc_cartpole,vf_coef,0.0009110851366450651
65,ppo,cc_cartpole,minibatch_size,0.0011417632796222213
66,ppo,cc_cartpole,max_grad_norm,0.001542685832936248
67,ppo,cc_cartpole,vf_clip_eps,0.012739307266540989
68,ppo,cc_cartpole,clip_eps,0.01442675423261435
69,ppo,cc_cartpole,gae_lambda,0.024896171390179835
70,ppo,cc_cartpole,ent_coef,0.032804946803047005
71,ppo,cc_cartpole,learning_rate,0.7588639909650041
72,ppo,cc_mountain_car,minibatch_size,0.0003551058664895265
73,ppo,cc_mountain_car,normalize_advantage,0.0023819757285789916
74,ppo,cc_mountain_car,ent_coef,0.008333227371628515
75,ppo,cc_mountain_car,gae_lambda,0.02420141976177533
76,ppo,cc_mountain_car,vf_clip_eps,0.03027851332142965
77,ppo,cc_mountain_car,vf_coef,0.04663901252259319
78,ppo,cc_mountain_car,learning_rate,0.05167689399937374
79,ppo,cc_mountain_car,max_grad_norm,0.06563594548940883
80,ppo,cc_mountain_car,clip_eps,0.21711337940993874
81,ppo,cc_pendulum,minibatch_size,0.0020577395807207743
82,ppo,cc_pendulum,vf_clip_eps,0.014166012790739074
83,ppo,cc_pendulum,vf_coef,0.015606141722091089
84,ppo,cc_pendulum,ent_coef,0.022331145052823558
85,ppo,cc_pendulum,gae_lambda,0.024383110295613897
86,ppo,cc_pendulum,max_grad_norm,0.05389395115650185
87,ppo,cc_pendulum,normalize_advantage,0.06381690566087504
88,ppo,cc_pendulum,clip_eps,0.0775602594689833
89,ppo,cc_pendulum,learning_rate,0.30490550526028776
90,ppo,cc_continuous_mountain_car,clip_eps,0.001107603633546748
91,ppo,cc_continuous_mountain_car,gae_lambda,0.007188998387045254
92,ppo,cc_continuous_mountain_car,ent_coef,0.008735419085357313
93,ppo,cc_continuous_mountain_car,minibatch_size,0.012946565553381884
94,ppo,cc_continuous_mountain_car,max_grad_norm,0.013842444662623058
95,ppo,cc_continuous_mountain_car,vf_clip_eps,0.016387274655125246
96,ppo,cc_continuous_mountain_car,normalize_advantage,0.017294580737210546
97,ppo,cc_continuous_mountain_car,vf_coef,0.028708603323926656
98,ppo,cc_continuous_mountain_car,learning_rate,0.5534026122847293
99,ppo,minigrid_door_key,minibatch_size,0.0007971157950763163
100,ppo,minigrid_door_key,vf_clip_eps,0.0012035868083472689
101,ppo,minigrid_door_key,vf_coef,0.022711757670933475
102,ppo,minigrid_door_key,gae_lambda,0.023368285736127543
103,ppo,minigrid_door_key,clip_eps,0.04508701087062949
104,ppo,minigrid_door_key,normalize_advantage,0.06823632575322916
105,ppo,minigrid_door_key,max_grad_norm,0.10796121387575948
106,ppo,minigrid_door_key,ent_coef,0.11698655317966526
107,ppo,minigrid_door_key,learning_rate,0.12076977759400291
108,ppo,minigrid_empty_random,vf_clip_eps,0.00015147367416905433
109,ppo,minigrid_empty_random,clip_eps,0.0010713038123696698
110,ppo,minigrid_empty_random,max_grad_norm,0.0011285689548031432
111,ppo,minigrid_empty_random,minibatch_size,0.0013289743080196468
112,ppo,minigrid_empty_random,vf_coef,0.005849210825657364
113,ppo,minigrid_empty_random,gae_lambda,0.006001769287403652
114,ppo,minigrid_empty_random,normalize_advantage,0.01005785887056052
115,ppo,minigrid_empty_random,ent_coef,0.056434902839597414
116,ppo,minigrid_empty_random,learning_rate,0.7122702862507146
117,ppo,minigrid_four_rooms,minibatch_size,0.0028986880509595013
118,ppo,minigrid_four_rooms,normalize_advantage,0.00984067392419536
119,ppo,minigrid_four_rooms,clip_eps,0.017888962265257817
120,ppo,minigrid_four_rooms,vf_clip_eps,0.03028559872347474
121,ppo,minigrid_four_rooms,ent_coef,0.04326227248535677
122,ppo,minigrid_four_rooms,gae_lambda,0.04955504312863131
123,ppo,minigrid_four_rooms,vf_coef,0.05137697857108092
124,ppo,minigrid_four_rooms,max_grad_norm,0.08064848123441232
125,ppo,minigrid_four_rooms,learning_rate,0.36247123407080656
126,ppo,minigrid_unlock,normalize_advantage,2.6967753367043833e-05
127,ppo,minigrid_unlock,minibatch_size,0.00024036575662332251
128,ppo,minigrid_unlock,max_grad_norm,0.0019442666088643691
129,ppo,minigrid_unlock,gae_lambda,0.0021190915660831812
130,ppo,minigrid_unlock,clip_eps,0.0025913763275353958
131,ppo,minigrid_unlock,learning_rate,0.008257787717555259
132,ppo,minigrid_unlock,vf_coef,0.05852383884550697
133,ppo,minigrid_unlock,ent_coef,0.3404045932619876
134,ppo,minigrid_unlock,vf_clip_eps,0.395046284027751
135,ppo,brax_ant,minibatch_size,0.00041375924954833694
136,ppo,brax_ant,normalize_advantage,0.0011849731608791951
137,ppo,brax_ant,gae_lambda,0.0014017600203334996
138,ppo,brax_ant,vf_coef,0.0014518561170437723
139,ppo,brax_ant,ent_coef,0.0029223514623471876
140,ppo,brax_ant,max_grad_norm,0.007312844037348931
141,ppo,brax_ant,vf_clip_eps,0.015193129111654654
142,ppo,brax_ant,clip_eps,0.058082689223186726
143,ppo,brax_ant,learning_rate,0.598159405729211
144,ppo,brax_halfcheetah,minibatch_size,0.0005047954815423847
145,ppo,brax_halfcheetah,normalize_advantage,0.002389503703799317
146,ppo,brax_halfcheetah,vf_clip_eps,0.003198423070863813
147,ppo,brax_halfcheetah,clip_eps,0.026484113269856946
148,ppo,brax_halfcheetah,ent_coef,0.05008230758015495
149,ppo,brax_halfcheetah,gae_lambda,0.07148311519868669
150,ppo,brax_halfcheetah,max_grad_norm,0.11639687145682209
151,ppo,brax_halfcheetah,vf_coef,0.17757571541686795
152,ppo,brax_halfcheetah,learning_rate,0.1973192330077588
153,ppo,brax_hopper,minibatch_size,0.00019096077662565848
154,ppo,brax_hopper,normalize_advantage,0.0035192437475729437
155,ppo,brax_hopper,ent_coef,0.00881270434924721
156,ppo,brax_hopper,max_grad_norm,0.009891417945299224
157,ppo,brax_hopper,vf_coef,0.010391366644890078
158,ppo,brax_hopper,gae_lambda,0.01112574869847291
159,ppo,brax_hopper,vf_clip_eps,0.02095176852902871
160,ppo,brax_hopper,clip_eps,0.02720531850765669
161,ppo,brax_hopper,learning_rate,0.6819137938169001
162,ppo,brax_humanoid,minibatch_size,7.246995084869951e-05
163,ppo,brax_humanoid,clip_eps,0.001513901387326684
164,ppo,brax_humanoid,vf_clip_eps,0.0017464877834336696
165,ppo,brax_humanoid,gae_lambda,0.0021911751244455915
166,ppo,brax_humanoid,normalize_advantage,0.008419171219948625
167,ppo,brax_humanoid,vf_coef,0.0305279828956573
168,ppo,brax_humanoid,max_grad_norm,0.03800396082781858
169,ppo,brax_humanoid,ent_coef,0.05380845489006678
170,ppo,brax_humanoid,learning_rate,0.514676408662319
171,dqn,atari_qbert,buffer_prio_sampling,4.887602560135753e-06
172,dqn,atari_qbert,buffer_alpha,2.6037559499702514e-05
173,dqn,atari_qbert,buffer_beta,9.875046777337096e-05
174,dqn,atari_qbert,buffer_batch_size,0.00015252022133403027
175,dqn,atari_qbert,buffer_epsilon,0.00022328695008358486
176,dqn,atari_qbert,use_target_network,0.0003264711716179649
177,dqn,atari_qbert,target_epsilon,0.0003709282699494902
178,dqn,atari_qbert,initial_epsilon,0.0004734547879845714
179,dqn,atari_qbert,buffer_size,0.0009826474628530442
180,dqn,atari_qbert,target_update_interval,0.005983022648475693
181,dqn,atari_qbert,learning_starts,0.024971229703742277
182,dqn,atari_qbert,learning_rate,0.7033905311375171
183,dqn,atari_double_dunk,buffer_prio_sampling,9.589669151691775e-05
184,dqn,atari_double_dunk,buffer_epsilon,0.000951287678657433
185,dqn,atari_double_dunk,initial_epsilon,0.0019939836052156887
186,dqn,atari_double_dunk,use_target_network,0.008104223122920726
187,dqn,atari_double_dunk,buffer_beta,0.010484604640554132
188,dqn,atari_double_dunk,learning_starts,0.011757344501662124
189,dqn,atari_double_dunk,buffer_batch_size,0.027841683871916247
190,dqn,atari_double_dunk,buffer_size,0.0353465407482393
191,dqn,atari_double_dunk,target_update_interval,0.05794920103564444
192,dqn,atari_double_dunk,target_epsilon,0.09286933229466326
193,dqn,atari_double_dunk,buffer_alpha,0.1636296447449518
194,dqn,atari_double_dunk,learning_rate,0.2370891943377683
195,dqn,atari_this_game,buffer_prio_sampling,0.0003387323409344006
196,dqn,atari_this_game,buffer_epsilon,0.0003514778788380055
197,dqn,atari_this_game,buffer_batch_size,0.0005944043198472949
198,dqn,atari_this_game,buffer_beta,0.0010484739187815784
199,dqn,atari_this_game,use_target_network,0.01299875166647103
200,dqn,atari_this_game,buffer_alpha,0.017869066252157756
201,dqn,atari_this_game,buffer_size,0.024811269439482374
202,dqn,atari_this_game,target_epsilon,0.046515412471524346
203,dqn,atari_this_game,learning_starts,0.05083289190705851
204,dqn,atari_this_game,initial_epsilon,0.06161303350766355
205,dqn,atari_this_game,target_update_interval,0.0636183794817102
206,dqn,atari_this_game,learning_rate,0.3209912565457576
207,dqn,atari_battle_zone,buffer_prio_sampling,7.533517627540984e-06
208,dqn,atari_battle_zone,buffer_beta,0.0013115053793681763
209,dqn,atari_battle_zone,use_target_network,0.0041557976766375005
210,dqn,atari_battle_zone,buffer_epsilon,0.00504134568446266
211,dqn,atari_battle_zone,buffer_size,0.01022575019197091
212,dqn,atari_battle_zone,target_epsilon,0.026149523038513544
213,dqn,atari_battle_zone,initial_epsilon,0.026418900796654793
214,dqn,atari_battle_zone,buffer_batch_size,0.034529895853619104
215,dqn,atari_battle_zone,learning_starts,0.03993228478095549
216,dqn,atari_battle_zone,target_update_interval,0.07441075649175058
217,dqn,atari_battle_zone,buffer_alpha,0.1672621414971604
218,dqn,atari_battle_zone,learning_rate,0.16935992893521906
219,dqn,box2d_lunar_lander,buffer_epsilon,8.320084512003873e-06
220,dqn,box2d_lunar_lander,buffer_prio_sampling,6.207613643791952e-05
221,dqn,box2d_lunar_lander,use_target_network,0.0012308976377887698
222,dqn,box2d_lunar_lander,buffer_size,0.0023670317473507
223,dqn,box2d_lunar_lander,buffer_beta,0.005791599363152984
224,dqn,box2d_lunar_lander,buffer_batch_size,0.006151022218749674
225,dqn,box2d_lunar_lander,learning_starts,0.006754036613825612
226,dqn,box2d_lunar_lander,initial_epsilon,0.008246888795334214
227,dqn,box2d_lunar_lander,buffer_alpha,0.02055095308697779
228,dqn,box2d_lunar_lander,target_epsilon,0.03372311103169947
229,dqn,box2d_lunar_lander,target_update_interval,0.046445952098786505
230,dqn,box2d_lunar_lander,learning_rate,0.4720188170405639
231,dqn,cc_acrobot,buffer_batch_size,0.00010893301929780243
232,dqn,cc_acrobot,buffer_epsilon,0.0001685740732854486
233,dqn,cc_acrobot,buffer_alpha,0.00043664257307269444
234,dqn,cc_acrobot,buffer_prio_sampling,0.0008105494919184289
235,dqn,cc_acrobot,buffer_size,0.001131298115315869
236,dqn,cc_acrobot,buffer_beta,0.0012649546978072024
237,dqn,cc_acrobot,initial_epsilon,0.0014570840653105178
238,dqn,cc_acrobot,use_target_network,0.004217488173639735
239,dqn,cc_acrobot,target_epsilon,0.006207930144724571
240,dqn,cc_acrobot,learning_starts,0.03410381906315715
241,dqn,cc_acrobot,target_update_interval,0.0494671044052715
242,dqn,cc_acrobot,learning_rate,0.7249780916435025
243,dqn,cc_cartpole,buffer_prio_sampling,4.223150087106579e-05
244,dqn,cc_cartpole,use_target_network,7.256655614999384e-05
245,dqn,cc_cartpole,initial_epsilon,0.0015029740231930037
246,dqn,cc_cartpole,target_update_interval,0.002492476069627663
247,dqn,cc_cartpole,buffer_size,0.003782120187892638
248,dqn,cc_cartpole,target_epsilon,0.004662812579647493
249,dqn,cc_cartpole,buffer_batch_size,0.01748380731223632
250,dqn,cc_cartpole,buffer_alpha,0.0177129479851475
251,dqn,cc_cartpole,buffer_beta,0.028601751425358285
252,dqn,cc_cartpole,learning_starts,0.03430405523525411
253,dqn,cc_cartpole,buffer_epsilon,0.05376702756521712
254,dqn,cc_cartpole,learning_rate,0.6115926211121349
255,dqn,cc_mountain_car,buffer_batch_size,0.00023113011145124671
256,dqn,cc_mountain_car,buffer_prio_sampling,0.00029779084763194313
257,dqn,cc_mountain_car,use_target_network,0.0003488522072147583
258,dqn,cc_mountain_car,buffer_size,0.001969789068815503
259,dqn,cc_mountain_car,buffer_beta,0.0024006013195830692
260,dqn,cc_mountain_car,buffer_epsilon,0.0036842711341183035
261,dqn,cc_mountain_car,target_epsilon,0.008124056223383979
262,dqn,cc_mountain_car,initial_epsilon,0.01317396838170668
263,dqn,cc_mountain_car,learning_starts,0.016528828416812573
264,dqn,cc_mountain_car,buffer_alpha,0.02484847966139426
265,dqn,cc_mountain_car,target_update_interval,0.13378443424659853
266,dqn,cc_mountain_car,learning_rate,0.3978044603985449
267,dqn,minigrid_door_key,buffer_prio_sampling,1.1481868981587806e-08
268,dqn,minigrid_door_key,use_target_network,2.3396598046933556e-07
269,dqn,minigrid_door_key,buffer_batch_size,2.4290455933325087e-05
270,dqn,minigrid_door_key,buffer_size,0.00040307580966194944
271,dqn,minigrid_door_key,buffer_epsilon,0.003067979075054403
272,dqn,minigrid_door_key,buffer_beta,0.011711972056993255
273,dqn,minigrid_door_key,learning_starts,0.017741709522506484
274,dqn,minigrid_door_key,target_update_interval,0.04053425999414641
275,dqn,minigrid_door_key,initial_epsilon,0.05337529860696523
276,dqn,minigrid_door_key,learning_rate,0.11451382784504549
277,dqn,minigrid_door_key,target_epsilon,0.14358916811439607
278,dqn,minigrid_door_key,buffer_alpha,0.27899454116578687
279,dqn,minigrid_empty_random,buffer_prio_sampling,1.4406208440367164e-05
280,dqn,minigrid_empty_random,use_target_network,0.00011595107438511665
281,dqn,minigrid_empty_random,learning_starts,0.0019387539589140064
282,dqn,minigrid_empty_random,buffer_batch_size,0.002147694636869679
283,dqn,minigrid_empty_random,buffer_beta,0.014315429650595918
284,dqn,minigrid_empty_random,target_update_interval,0.016802738721552416
285,dqn,minigrid_empty_random,initial_epsilon,0.016819496462226073
286,dqn,minigrid_empty_random,buffer_epsilon,0.03539725149792985
287,dqn,minigrid_empty_random,buffer_size,0.049562743659505595
288,dqn,minigrid_empty_random,learning_rate,0.09317697638807665
289,dqn,minigrid_empty_random,buffer_alpha,0.10703869733566355
290,dqn,minigrid_empty_random,target_epsilon,0.2954986889509784
291,dqn,minigrid_four_rooms,buffer_prio_sampling,7.580019383245895e-06
292,dqn,minigrid_four_rooms,target_update_interval,0.0025212805579158367
293,dqn,minigrid_four_rooms,target_epsilon,0.004712157071648259
294,dqn,minigrid_four_rooms,buffer_batch_size,0.010977166464234321
295,dqn,minigrid_four_rooms,use_target_network,0.01643795085194087
296,dqn,minigrid_four_rooms,initial_epsilon,0.02216231829019377
297,dqn,minigrid_four_rooms,buffer_beta,0.056941000202531476
298,dqn,minigrid_four_rooms,buffer_epsilon,0.07258619649541592
299,dqn,minigrid_four_rooms,buffer_alpha,0.0758611238426164
300,dqn,minigrid_four_rooms,learning_starts,0.08166836735451224
301,dqn,minigrid_four_rooms,buffer_size,0.08588847346001502
302,dqn,minigrid_four_rooms,learning_rate,0.18880557794406078
303,dqn,minigrid_unlock,buffer_prio_sampling,0.0
304,dqn,minigrid_unlock,use_target_network,2.8418915224732025e-16
305,dqn,minigrid_unlock,buffer_batch_size,1.5578122273552782e-08
306,dqn,minigrid_unlock,learning_rate,0.00048268579764268026
307,dqn,minigrid_unlock,learning_starts,0.0011105772591918851
308,dqn,minigrid_unlock,target_update_interval,0.002485452860188258
309,dqn,minigrid_unlock,initial_epsilon,0.0025892838038601724
310,dqn,minigrid_unlock,target_epsilon,0.05452145758001231
311,dqn,minigrid_unlock,buffer_beta,0.05671887543956089
312,dqn,minigrid_unlock,buffer_size,0.07989199914126872
313,dqn,minigrid_unlock,buffer_epsilon,0.09649935358174853
314,dqn,minigrid_unlock,buffer_alpha,0.3453975498497011
315,sac,box2d_bipedal_walker,alpha,0.0
316,sac,box2d_bipedal_walker,alpha_auto,0.0
317,sac,box2d_bipedal_walker,buffer_prio_sampling,3.811665957005766e-05
318,sac,box2d_bipedal_walker,buffer_epsilon,0.0002205021542628039
319,sac,box2d_bipedal_walker,use_target_network,0.0003705956468407192
320,sac,box2d_bipedal_walker,buffer_batch_size,0.001865018166853571
321,sac,box2d_bipedal_walker,learning_starts,0.002618791056248086
322,sac,box2d_bipedal_walker,tau,0.003815537887934429
323,sac,box2d_bipedal_walker,buffer_alpha,0.008202046544568792
324,sac,box2d_bipedal_walker,reward_scale,0.008915951496104147
325,sac,box2d_bipedal_walker,buffer_size,0.019632447635275174
326,sac,box2d_bipedal_walker,buffer_beta,0.04953195563752434
327,sac,box2d_bipedal_walker,learning_rate,0.6049645611036343
328,sac,cc_pendulum,alpha,0.0
329,sac,cc_pendulum,alpha_auto,0.0
330,sac,cc_pendulum,buffer_epsilon,6.808205345580104e-05
331,sac,cc_pendulum,buffer_prio_sampling,0.00028210966021765827
332,sac,cc_pendulum,buffer_beta,0.00042939358288209673
333,sac,cc_pendulum,buffer_batch_size,0.0006082178485538143
334,sac,cc_pendulum,tau,0.0016483239752181993
335,sac,cc_pendulum,use_target_network,0.0025646677016729355
336,sac,cc_pendulum,buffer_alpha,0.003160498853638511
337,sac,cc_pendulum,reward_scale,0.006456270817103822
338,sac,cc_pendulum,buffer_size,0.008042246421405667
339,sac,cc_pendulum,learning_starts,0.01143081810098625
340,sac,cc_pendulum,learning_rate,0.7718087798955844
341,sac,cc_continuous_mountain_car,alpha,0.0
342,sac,cc_continuous_mountain_car,alpha_auto,0.0
343,sac,cc_continuous_mountain_car,buffer_prio_sampling,5.956251078593554e-05
344,sac,cc_continuous_mountain_car,buffer_batch_size,0.0004561047997117466
345,sac,cc_continuous_mountain_car,buffer_epsilon,0.00046368358953590983
346,sac,cc_continuous_mountain_car,use_target_network,0.0011102410458600233
347,sac,cc_continuous_mountain_car,buffer_alpha,0.002056505107548424
348,sac,cc_continuous_mountain_car,buffer_beta,0.0030421312562650855
349,sac,cc_continuous_mountain_car,reward_scale,0.005744280880473729
350,sac,cc_continuous_mountain_car,buffer_size,0.023559029375652924
351,sac,cc_continuous_mountain_car,tau,0.028161313636480965
352,sac,cc_continuous_mountain_car,learning_starts,0.1098411603498904
353,sac,cc_continuous_mountain_car,learning_rate,0.6834848610951569
354,sac,brax_ant,alpha,0.0
355,sac,brax_ant,alpha_auto,0.0
356,sac,brax_ant,buffer_beta,3.625531520677452e-05
357,sac,brax_ant,buffer_prio_sampling,0.00011603181358167878
358,sac,brax_ant,use_target_network,0.00014361587520878396
359,sac,brax_ant,buffer_alpha,0.0003179177122316509
360,sac,brax_ant,buffer_batch_size,0.001142345589205386
361,sac,brax_ant,buffer_size,0.003396444552365808
362,sac,brax_ant,buffer_epsilon,0.0042020974909710105
363,sac,brax_ant,learning_starts,0.011118993020230382
364,sac,brax_ant,tau,0.030296866063424067
365,sac,brax_ant,reward_scale,0.16580440727498066
366,sac,brax_ant,learning_rate,0.5218966547062944
367,sac,brax_halfcheetah,alpha,0.0
368,sac,brax_halfcheetah,alpha_auto,0.0
369,sac,brax_halfcheetah,use_target_network,9.10868443772382e-05
370,sac,brax_halfcheetah,buffer_batch_size,0.00011195858591825308
371,sac,brax_halfcheetah,buffer_prio_sampling,0.00024434553151234486
372,sac,brax_halfcheetah,buffer_beta,0.0007956739353032771
373,sac,brax_halfcheetah,buffer_alpha,0.0044760731621262245
374,sac,brax_halfcheetah,tau,0.005264307813201738
375,sac,brax_halfcheetah,learning_starts,0.005540288366382059
376,sac,brax_halfcheetah,buffer_size,0.009427824320497815
377,sac,brax_halfcheetah,buffer_epsilon,0.021397475355911074
378,sac,brax_halfcheetah,reward_scale,0.06633078732578564
379,sac,brax_halfcheetah,learning_rate,0.6302063302209129
380,sac,brax_hopper,alpha,0.0
381,sac,brax_hopper,alpha_auto,0.0
382,sac,brax_hopper,buffer_prio_sampling,0.00014462427580890094
383,sac,brax_hopper,buffer_alpha,0.00014903736084167496
384,sac,brax_hopper,buffer_epsilon,0.00024631992790149685
385,sac,brax_hopper,buffer_batch_size,0.0006218699595158096
386,sac,brax_hopper,learning_starts,0.0035899686187713074
387,sac,brax_hopper,buffer_size,0.005280051542620695
388,sac,brax_hopper,use_target_network,0.01982106598563278
389,sac,brax_hopper,buffer_beta,0.03238437570750356
390,sac,brax_hopper,reward_scale,0.10692195992042446
391,sac,brax_hopper,tau,0.1571715743474868
392,sac,brax_hopper,learning_rate,0.4094455936228842
393,sac,brax_humanoid,alpha,0.0
394,sac,brax_humanoid,alpha_auto,0.0
395,sac,brax_humanoid,buffer_prio_sampling,8.891525610278212e-06
396,sac,brax_humanoid,buffer_epsilon,1.0690874736843336e-05
397,sac,brax_humanoid,buffer_beta,8.192587839425439e-05
398,sac,brax_humanoid,buffer_batch_size,0.00019036107313258777
399,sac,brax_humanoid,reward_scale,0.0005816422399530635
400,sac,brax_humanoid,use_target_network,0.0006713943986910718
401,sac,brax_humanoid,buffer_size,0.0007157147563288219
402,sac,brax_humanoid,buffer_alpha,0.005506025515858865
403,sac,brax_humanoid,tau,0.009739913181721151
404,sac,brax_humanoid,learning_starts,0.011311378915790421
405,sac,brax_humanoid,learning_rate,0.6402043939139231
